use db02;
INSERT INTO NHOM_MAT_HANG (MA_NHOM, TEN_NHOM) VALUES
('N001', 'Điện thoại di động'),
('N002', 'Máy tính bảng'),
('N003', 'Laptop'),
('N004', 'Phụ kiện'),
('N005', 'Đồ gia dụng'),
('N006', 'Thời trang nam'),
('N007', 'Thời trang nữ'),
('N008', 'Giày dép'),
('N009', 'Túi xách'),
('N010', 'Đồng hồ'),
('N011', 'Trang sức'),
('N012', 'Mỹ phẩm'),
('N013', 'Thực phẩm'),
('N014', 'Đồ uống'),
('N015', 'Sách'),
('N016', 'Văn phòng phẩm'),
('N017', 'Đồ chơi'),
('N018', 'Thể thao'),
('N019', 'Du lịch'),
('N020', 'Ô tô'),
('N021', 'Xe máy'),
('N022', 'Nhà cửa'),
('N023', 'Nội thất'),
('N024', 'Ngoại thất'),
('N025', 'Điện máy'),
('N026', 'Thiết bị số'),
('N027', 'Y tế'),
('N028', 'Giáo dục'),
('N029', 'Giải trí'),
('N030', 'Dịch vụ');

INSERT INTO MAT_HANG (MA_MH, TEN_MH, GIA_MH, SL_TONKHO, MA_NHOM) VALUES
('MH001', 'iPhone 13 Pro Max', 30000000, 100, 'N001'),
('MH002', 'Samsung Galaxy S22 Ultra', 28000000, 150, 'N001'),
('MH003', 'iPad Pro 12.9 inch', 25000000, 80, 'N002'),
('MH004', 'MacBook Pro 14 inch', 40000000, 50, 'N003'),
('MH005', 'AirPods Pro', 6000000, 200, 'N004'),
('MH006', 'Samsung Galaxy Tab S8+', 20000000, 90, 'N002'),
('MH007', 'Dell XPS 13', 35000000, 60, 'N003'),
('MH008', 'Apple Watch Series 7', 10000000, 120, 'N004'),
('MH009', 'Áo thun nam', 200000, 300, 'N006'),
('MH010', 'Quần jean nữ', 350000, 250, 'N007'),
('MH011', 'Giày thể thao Nike', 1500000, 180, 'N008'),
('MH012', 'Túi xách Chanel', 50000000, 30, 'N009'),
('MH013', 'Đồng hồ Rolex', 100000000, 10, 'N010'),
('MH014', 'Nhẫn kim cương', 200000000, 5, 'N011'),
('MH015', 'Son môi MAC', 500000, 400, 'N012'),
('MH016', 'Gạo ST25', 25000, 500, 'N013'),
('MH017', 'Coca Cola', 10000, 1000, 'N014'),
('MH018', 'Sách Đắc Nhân Tâm', 80000, 350, 'N015'),
('MH019', 'Bút bi Thiên Long', 5000, 2000, 'N016'),
('MH020', 'Xe đạp điện Vinfast', 15000000, 70, 'N021'),
('MH021', 'Ghế sofa', 5000000, 40, 'N023'),
('MH022', 'Tủ lạnh Samsung', 12000000, 25, 'N025'),
('MH023', 'Máy ảnh Canon', 20000000, 15, 'N026'),
('MH024', 'Tai nghe Bluetooth Sony', 3000000, 100, 'N026'),
('MH025', 'Bàn học sinh', 800000, 60, 'N023'),
('MH026', 'Đèn led', 150000, 200, 'N022'),
('MH027', 'Vitamin C', 50000, 300, 'N027'),
('MH028', 'Khóa học online', 500000, 150, 'N028'),
('MH029', 'Vé xem phim', 100000, 500, 'N029'),
('MH030', 'Đặt phòng khách sạn', 1000000, 80, 'N030'),
('MH031', 'Lego', 500000, 100, 'N017');

INSERT INTO NHAN_VIEN (MA_NV, TEN_NV, CHUC_VU, SDT_NV) VALUES
('NV001', 'Nguyễn Văn An', 'Quản lý', '0901234567'),
('NV002', 'Trần Thị Bình', 'Nhân viên', '0902345678'),
('NV003', 'Lê Văn Cường', 'Nhân viên', '0903456789'),
('NV004', 'Phạm Thị Dung', 'Nhân viên', '0904567890'),
('NV005', 'Nguyễn Văn Em', 'Thực tập', '0905678901'),
('NV006', 'Trần Văn Giàu', 'Quản lý', '0911234567'),
('NV007', 'Lê Thị Hà', 'Nhân viên', '0912345678'),
('NV008', 'Phạm Văn Ích', 'Nhân viên', '0913456789'),
('NV009', 'Nguyễn Thị Kim', 'Nhân viên', '0914567890'),
('NV010', 'Trần Văn Lộc', 'Thực tập', '0915678901');

INSERT INTO KHACH_HANG (MA_KH, TEN_KH, SDT_KH, DIA_CHI) VALUES
('KH001', 'Hoàng Văn Hải', '0961234567', '123 Đường ABC, Quận 1, TP.HCM'),
('KH002', 'Đinh Thị Hồng', '0962345678', '456 Đường DEF, Quận 2, TP.HCM'),
('KH003', 'Vũ Văn Khang', '0963456789', '789 Đường GHI, Quận 3, TP.HCM'),
('KH004', 'Bùi Thị Lan', '0964567890', '101 Đường JKL, Quận 4, TP.HCM'),
('KH005', 'Mai Văn Minh', '0965678901', '112 Đường MNO, Quận 5, TP.HCM'),
('KH006', 'Ngô Thị Ngọc', '0971234567', '134 Đường PQR, Quận 6, TP.HCM'),
('KH007', 'Cao Văn Phúc', '0972345678', '156 Đường STU, Quận 7, TP.HCM'),
('KH008', 'Dương Thị Quỳnh', '0973456789', '178 Đường VWX, Quận 8, TP.HCM'),
('KH009', 'Trương Văn Sơn', '0974567890', '200 Đường YZA, Quận 9, TP.HCM'),
('KH010', 'Đỗ Thị Thu', '0975678901', '222 Đường BCD, Quận 10, TP.HCM'),
('KH011', 'Võ Văn Tuấn', '0981234567', '244 Đường EFG, Quận 11, TP.HCM'),
('KH012', 'Hồ Thị Vân', '0982345678', '266 Đường HIJ, Quận 12, TP.HCM'),
('KH013', 'Lý Văn Vương', '0983456789', '288 Đường KLM, Thủ Đức, TP.HCM'),
('KH014', 'Quách Thị Xuân', '0984567890', '310 Đường NOP, Gò Vấp, TP.HCM'),
('KH015', 'Tạ Văn Ý', '0985678901', '332 Đường QRS, Bình Thạnh, TP.HCM'),
('KH016', 'Thái Thị An', '0991234567', '354 Đường TUV, Tân Bình, TP.HCM'),
('KH017', 'Uông Văn Bình', '0992345678', '376 Đường WXY, Phú Nhuận, TP.HCM'),
('KH018', 'Chử Thị Cúc', '0993456789', '398 Đường ZAB, Tân Phú, TP.HCM'),
('KH019', 'Doãn Văn Duy', '0994567890', '420 Đường CDE, Bình Tân, TP.HCM'),
('KH020', 'Giang Thị Em', '0995678901', '442 Đường FGH, Củ Chi, TP.HCM'),
('KH021', 'Khuất Văn Giang', '0916234567', '464 Đường IJK, Hóc Môn, TP.HCM'),
('KH022', 'Lò Thị Hà', '0917345678', '486 Đường LMN, Bình Chánh, TP.HCM'),
('KH023', 'Mạc Văn Ích', '0918456789', '508 Đường OPQ, Nhà Bè, TP.HCM'),
('KH024', 'Nông Thị Kim', '0919567890', '530 Đường RST, Cần Giờ, TP.HCM'),
('KH025', 'Phan Văn Lộc', '0926678901', '552 Đường UVW, Quận 1, TP.HCM'),
('KH026', 'Sầm Thị Mai', '0927789012', '574 Đường XYZ, Quận 2, TP.HCM'),
('KH027', 'Tòng Văn Nam', '0928890123', '596 Đường ABC, Quận 3, TP.HCM'),
('KH028', 'Vừ Thị Nga', '0929901234', '618 Đường DEF, Quận 4, TP.HCM'),
('KH029', 'Yên Văn Ổn', '0936012345', '640 Đường GHI, Quận 5, TP.HCM'),
('KH030', 'Maven Thắng', '0937123456', '662 Đường JKL, Quận 6, TP.HCM');

INSERT INTO HOA_DON (MA_HD, NGAY_LAP, MA_NV, MA_KH) VALUES
('HD001', '2023-10-01', 'NV001', 'KH001'),
('HD002', '2023-10-02', 'NV002', 'KH002'),
('HD003', '2023-10-03', 'NV003', 'KH003'),
('HD004', '2023-10-04', 'NV004', 'KH004'),
('HD005', '2023-10-05', 'NV005', 'KH005'),
('HD006', '2023-10-06', 'NV006', 'KH006'),
('HD007', '2023-10-07', 'NV007', 'KH007'),
('HD008', '2023-10-08', 'NV008', 'KH008'),
('HD009', '2023-10-09', 'NV009', 'KH009'),
('HD010', '2023-10-10', 'NV010', 'KH010'),
('HD011', '2023-10-11', 'NV001', 'KH011'),
('HD012', '2023-10-12', 'NV002', 'KH012'),
('HD013', '2023-10-13', 'NV003', 'KH013'),
('HD014', '2023-10-14', 'NV004', 'KH014'),
('HD015', '2023-10-15', 'NV005', 'KH015'),
('HD016', '2023-10-16', 'NV006', 'KH016'),
('HD017', '2023-10-17', 'NV007', 'KH017'),
('HD018', '2023-10-18', 'NV008', 'KH018'),
('HD019', '2023-10-19', 'NV009', 'KH019'),
('HD020', '2023-10-20', 'NV010', 'KH020'),
('HD021', '2023-10-21', 'NV001', 'KH021'),
('HD022', '2023-10-22', 'NV002', 'KH022'),
('HD023', '2023-10-23', 'NV003', 'KH023'),
('HD024', '2023-10-24', 'NV004', 'KH024'),
('HD025', '2023-10-25', 'NV005', 'KH025'),
('HD026', '2023-10-26', 'NV006', 'KH026'),
('HD027', '2023-10-26', 'NV007', 'KH027'),
('HD028', '2023-10-27', 'NV008', 'KH028'),
('HD029', '2023-10-28', 'NV009', 'KH029'),
('HD030', '2023-10-29', 'NV010', 'KH030');

INSERT INTO CHI_TIET_HOA_DON (MA_HD, MA_MH, SO_LUONG) VALUES
('HD001', 'MH001', 2),
('HD001', 'MH005', 1),
('HD002', 'MH002', 1),
('HD002', 'MH008', 3),
('HD003', 'MH003', 3),
('HD003', 'MH010', 2),
('HD004', 'MH004', 1),
('HD004', 'MH012', 1),
('HD005', 'MH006', 2),
('HD005', 'MH015', 4),
('HD006', 'MH007', 1),
('HD006', 'MH018', 2),
('HD007', 'MH009', 5),
('HD007', 'MH020', 1),
('HD008', 'MH011', 2),
('HD008', 'MH022', 1),
('HD009', 'MH013', 1),
('HD009', 'MH025', 3),
('HD010', 'MH014', 1),
('HD010', 'MH028', 2),
('HD011', 'MH016', 10),
('HD011', 'MH029', 5),
('HD012', 'MH017', 20),
('HD013', 'MH030', 1),
('HD013', 'MH019', 30),
('HD014', 'MH021', 2),
('HD015', 'MH023', 1),
('HD016', 'MH024', 3),
('HD017', 'MH026', 5),
('HD018', 'MH027', 10),
('HD019', 'MH001', 1),
('HD020', 'MH002', 2),
('HD021', 'MH003', 1),
('HD022', 'MH004', 3),
('HD023', 'MH005', 2),
('HD024', 'MH006', 1),
('HD025', 'MH007', 4),
('HD026', 'MH008', 2),
('HD027', 'MH009', 1),
('HD028', 'MH010', 3),
('HD029', 'MH011', 1),
('HD030', 'MH012', 2),
('HD029', 'MH031', 4);

