use db02;
INSERT INTO NHOM_MAT_HANG (MA_NHOM, TEN_NHOM) VALUES
('N001', 'Điện thoại di động'),
('N002', 'Máy tính bảng'),
('N003', 'Laptop'),
('N004', 'Phụ kiện'),
('N005', 'Đồ gia dụng'),
('N006', 'Thời trang nam'),
('N007', 'Thời trang nữ'),
('N008', 'Giày dép'),
('N009', 'Túi xách'),
('N010', 'Đồng hồ'),
('N011', 'Trang sức'),
('N012', 'Mỹ phẩm'),
('N013', 'Thực phẩm'),
('N014', 'Đồ uống'),
('N015', 'Sách'),
('N016', 'Văn phòng phẩm'),
('N017', 'Đồ chơi'),
('N018', 'Thể thao'),
('N019', 'Du lịch'),
('N020', 'Ô tô'),
('N021', 'Xe máy'),
('N022', 'Nhà cửa'),
('N023', 'Nội thất'),
('N024', 'Ngoại thất'),
('N025', 'Điện máy'),
('N026', 'Thiết bị số'),
('N027', 'Y tế'),
('N028', 'Giáo dục'),
('N029', 'Giải trí'),
('N030', 'Dịch vụ');

INSERT INTO MAT_HANG (MA_MH, TEN_MH, GIA_MH, SL_TONKHO, MA_NHOM) VALUES
('MH001', 'iPhone 13 Pro Max', 30000000, 100, 'N001'),
('MH002', 'Samsung Galaxy S22 Ultra', 28000000, 150, 'N001'),
('MH003', 'iPad Pro 12.9 inch', 25000000, 80, 'N002'),
('MH004', 'MacBook Pro 14 inch', 40000000, 50, 'N003'),
('MH005', 'AirPods Pro', 6000000, 200, 'N004'),
('MH006', 'Samsung Galaxy Tab S8+', 20000000, 90, 'N002'),
('MH007', 'Dell XPS 13', 35000000, 60, 'N003'),
('MH008', 'Apple Watch Series 7', 10000000, 120, 'N004'),
('MH009', 'Áo thun nam', 200000, 300, 'N006'),
('MH010', 'Quần jean nữ', 350000, 250, 'N007'),
('MH011', 'Giày thể thao Nike', 1500000, 180, 'N008'),
('MH012', 'Túi xách Chanel', 50000000, 30, 'N009'),
('MH013', 'Đồng hồ Rolex', 100000000, 10, 'N010'),
('MH014', 'Nhẫn kim cương', 200000000, 5, 'N011'),
('MH015', 'Son môi MAC', 500000, 400, 'N012'),
('MH016', 'Gạo ST25', 25000, 500, 'N013'),
('MH017', 'Coca Cola', 10000, 1000, 'N014'),
('MH018', 'Sách Đắc Nhân Tâm', 80000, 350, 'N015'),
('MH019', 'Bút bi Thiên Long', 5000, 2000, 'N016'),
('MH020', 'Xe đạp điện Vinfast', 15000000, 70, 'N021'),
('MH021', 'Ghế sofa', 5000000, 40, 'N023'),
('MH022', 'Tủ lạnh Samsung', 12000000, 25, 'N025'),
('MH023', 'Máy ảnh Canon', 20000000, 15, 'N026'),
('MH024', 'Tai nghe Bluetooth Sony', 3000000, 100, 'N026'),
('MH025', 'Bàn học sinh', 800000, 60, 'N023'),
('MH026', 'Đèn led', 150000, 200, 'N022'),
('MH027', 'Vitamin C', 50000, 300, 'N027'),
('MH028', 'Khóa học online', 500000, 150, 'N028'),
('MH029', 'Vé xem phim', 100000, 500, 'N029'),
('MH030', 'Đặt phòng khách sạn', 1000000, 80, 'N030'),
('MH031', 'Lego', 500000, 100, 'N017'),
('MH032', 'Chảo', 400000, 100, 'N005'),
('MH033', 'Xoong', 300000, 200, 'N005'),
('MH034', 'Thìa', 20000, 3000, 'N005'),
('MH035', 'Đũa', 40000, 3000, 'N005'),
('MH036', 'Bát To', 20000, 3000, 'N005'),
('MH037', 'Ấm Siêu Tốc', 100000, 1500, 'N005'),
('MH038', 'Bếp Từ', 400000, 500, 'N005');

INSERT INTO NHAN_VIEN (MA_NV, TEN_NV, CHUC_VU, SDT_NV) VALUES
('NV001', 'Nguyễn Văn An', 'Quản lý', '0901234567'),
('NV002', 'Trần Thị Bình', 'Nhân viên', '0902345678'),
('NV003', 'Lê Văn Cường', 'Nhân viên', '0903456789'),
('NV004', 'Phạm Thị Dung', 'Nhân viên', '0904567890'),
('NV005', 'Nguyễn Văn Em', 'Thực tập', '0905678901'),
('NV006', 'Trần Văn Giàu', 'Quản lý', '0911234567'),
('NV007', 'Lê Thị Hà', 'Nhân viên', '0912345678'),
('NV008', 'Phạm Văn Ích', 'Nhân viên', '0913456789'),
('NV009', 'Nguyễn Thị Kim', 'Nhân viên', '0914567890'),
('NV010', 'Trần Văn Lộc', 'Thực tập', '0915678901'),
('NV011', 'Phạm Thế Trung', 'Thực tập', '0915678902'),
('NV012', 'Maven Trung', 'Nhân viên', '0915678903'),
('NV013', 'Maven Thế Trung', 'Nhân viên', '0915678904'),
('NV014', 'Lộc Trung', 'Thực tập', '0915678935'),
('NV015', 'Nguyễn Đình Quang', 'Thực tập', '0915678936'),
('NV016', 'Trần Văn Mạnh', 'Nhân Viên', '0915678937'),
('NV017', 'Trần Trung Lộc', 'Thực tập', '0915678901'),
('NV018', 'Trần Văn Văn', 'Thực tập', '0915678901');

INSERT INTO KHACH_HANG (MA_KH, TEN_KH, SDT_KH, DIA_CHI) VALUES
('KH001', 'Hoàng Văn Hải', '0961234567', '123 Trần Quốc Vượng, Quận Cầu Giấy, Hà Nội'),
('KH002', 'Đinh Thị Hồng', '0962345678', '456 Trần Quốc Hoàn, Quận Cầu Giấy, Hà Nội'),
('KH003', 'Vũ Văn Khang', '0963456789', '789 Lê Đức Thọ, Quận Cầu Giấy, Hà Nội'),
('KH004', 'Bùi Thị Lan', '0964567890', '101 Hoàng Quốc Việt, Quận Cầu Giấy, Hà Nội'),
('KH005', 'Mai Văn Minh', '0965678901', '112 Xuân Thuỷ, Quận Cầu Giấy, Hà Nội'),
('KH006', 'Ngô Thị Ngọc', '0971234567', '61 Trần Duy Hưng, Quận Cầu Giấy, Hà Nội'),
('KH007', 'Cao Văn Phúc', '0972345678', '156 Xuân Thuỷ, Quận Cầu Giấy, Hà Nội'),
('KH008', 'Dương Thị Quỳnh', '0973456789', '178 Xuân Thuỷ, Quận Cầu Giấy, Hà Nội'),
('KH009', 'Trương Văn Sơn', '0974567890', '200 Xuân Thuỷ, Quận Cầu Giấy, Hà Nội'),
('KH010', 'Đỗ Thị Thu', '0975678901', '222 Lê Đức Thọ, Quận Cầu Giấy, Hà Nội'),
('KH011', 'Võ Văn Tuấn', '0981234567', '61 Trần Duy Hưng, Quận Cầu Giấy, Hà Nội'),
('KH012', 'Hồ Thị Vân', '0982345678', '91 Trần Duy Hưng, Quận Cầu Giấy, Hà Nội'),
('KH013', 'Lý Văn Vương', '0983456789', '218 Trần Duy Hưng, Quận Cầu Giấy, Hà Nội'),
('KH014', 'Quách Thị Xuân', '0984567890', '310 Trần Duy Hưng, Quận Cầu Giấy, Hà Nội'),
('KH015', 'Tạ Văn Ý', '0985678901', '332 Trần Duy Hưng, Quận Cầu Giấy, Hà Nội'),
('KH016', 'Thái Thị An', '0991234567', '354 Trần Duy Hưng, Quận Cầu Giấy, Hà Nội'),
('KH017', 'Uông Văn Bình', '0992345678', '376 Trần Duy Hưng, Quận Cầu Giấy, Hà Nội'),
('KH018', 'Chử Thị Cúc', '0993456789', '398 Nguyễn Thị Định, Quận Cầu Giấy, Hà Nội'),
('KH019', 'Doãn Văn Duy', '0994567890', '420 Nguyễn Thị Định, Quận Cầu Giấy, Hà Nội'),
('KH020', 'Giang Thị Em', '0995678901', '442 Xuân Thuỷ, Quận Cầu Giấy, Hà Nội'),
('KH021', 'Khuất Văn Giang', '0916234567', '464 Nguyễn Thị Định, Quận Cầu Giấy, Hà Nội'),
('KH022', 'Lò Thị Hà', '0917345678', '486 Lê Đức Thọ, Quận Cầu Giấy, Hà Nội'),
('KH023', 'Mạc Văn Ích', '0918456789', '508 Nguyễn Thị Định, Quận Cầu Giấy, Hà Nội'),
('KH024', 'Nông Thị Kim', '0919567890', '530 Lê Đức Thọ, Quận Cầu Giấy, Hà Nội'),
('KH025', 'Phan Văn Lộc', '0926678901', '552 Nguyễn Thị Định, Quận Cầu Giấy, Hà Nội'),
('KH026', 'Sầm Thị Mai', '0927789012', '61 Trung Kính, Quận Cầu Giấy, Hà Nội'),
('KH027', 'Tòng Văn Nam', '0928890123', '596 Lê Đức Thọ, Quận Cầu Giấy, Hà Nội'),
('KH028', 'Vừ Thị Nga', '0929901234', '618 Đỗ Quang, Quận Cầu Giấy, Hà Nội'),
('KH029', 'Yên Văn Ổn', '0936012345', '6 Nguyễn Thị Định, Quận Cầu Giấy, Hà Nội'),
('KH030', 'Maven Thắng', '0937123456', '60 Phùng Chí Kiên, Quận Cầu Giấy, Hà Nội');

INSERT INTO HOA_DON (MA_HD, NGAY_LAP, MA_NV, MA_KH) VALUES
('HD001', '2023-10-01', 'NV001', 'KH001'),
('HD002', '2023-10-02', 'NV002', 'KH002'),
('HD003', '2023-10-03', 'NV003', 'KH003'),
('HD004', '2023-10-04', 'NV004', 'KH004'),
('HD005', '2023-10-05', 'NV005', 'KH005'),
('HD006', '2023-10-06', 'NV006', 'KH006'),
('HD007', '2023-10-07', 'NV007', 'KH007'),
('HD008', '2023-10-08', 'NV008', 'KH008'),
('HD009', '2023-10-09', 'NV009', 'KH009'),
('HD010', '2023-10-10', 'NV010', 'KH010'),
('HD011', '2023-10-11', 'NV001', 'KH011'),
('HD012', '2023-10-12', 'NV002', 'KH012'),
('HD013', '2023-10-13', 'NV003', 'KH013'),
('HD014', '2023-10-14', 'NV004', 'KH014'),
('HD015', '2023-10-15', 'NV005', 'KH015'),
('HD016', '2023-10-16', 'NV006', 'KH016'),
('HD017', '2023-10-17', 'NV007', 'KH017'),
('HD018', '2023-10-18', 'NV008', 'KH018'),
('HD019', '2023-10-19', 'NV009', 'KH019'),
('HD020', '2023-10-20', 'NV010', 'KH020'),
('HD021', '2023-10-21', 'NV001', 'KH021'),
('HD022', '2023-10-22', 'NV002', 'KH022'),
('HD023', '2023-10-23', 'NV003', 'KH023'),
('HD024', '2023-10-24', 'NV004', 'KH024'),
('HD025', '2023-10-25', 'NV005', 'KH025'),
('HD026', '2023-10-26', 'NV006', 'KH026'),
('HD027', '2023-10-26', 'NV007', 'KH027'),
('HD028', '2023-10-27', 'NV008', 'KH028'),
('HD029', '2023-10-28', 'NV009', 'KH029'),
('HD030', '2023-10-29', 'NV010', 'KH030'),
('HD031', '2023-11-01', 'NV002', 'KH005'),
('HD032', '2023-11-02', 'NV004', 'KH010'),
('HD033', '2023-11-03', 'NV006', 'KH015'),
('HD034', '2023-11-04', 'NV008', 'KH020'),
('HD035', '2023-11-05', 'NV010', 'KH025'),
('HD036', '2023-11-06', 'NV001', 'KH003'),
('HD037', '2023-11-07', 'NV003', 'KH008'),
('HD038', '2023-11-08', 'NV005', 'KH013'),
('HD039', '2023-11-09', 'NV007', 'KH018'),
('HD040', '2023-11-10', 'NV009', 'KH023'),
('HD041', '2023-11-11', 'NV002', 'KH028'),
('HD042', '2023-11-12', 'NV004', 'KH001'),
('HD043', '2023-11-13', 'NV006', 'KH006'),
('HD044', '2023-11-14', 'NV008', 'KH011'),
('HD045', '2023-11-15', 'NV010', 'KH016'),
('HD046', '2023-11-16', 'NV001', 'KH021'),
('HD047', '2023-11-17', 'NV003', 'KH026'),
('HD048', '2023-11-18', 'NV005', 'KH004'),
('HD049', '2023-11-19', 'NV007', 'KH009'),
('HD050', '2023-11-20', 'NV009', 'KH014'),
('HD051', '2023-11-21', 'NV002', 'KH019'),
('HD052', '2023-11-22', 'NV004', 'KH024'),
('HD053', '2023-11-23', 'NV006', 'KH029'),
('HD054', '2023-11-24', 'NV008', 'KH002'),
('HD055', '2023-11-25', 'NV010', 'KH007'),
('HD056', '2023-11-26', 'NV001', 'KH012'),
('HD057', '2023-11-27', 'NV003', 'KH017'),
('HD058', '2023-11-28', 'NV005', 'KH022'),
('HD059', '2023-11-29', 'NV007', 'KH027'),
('HD060', '2023-11-30', 'NV009', 'KH030');

INSERT INTO CHI_TIET_HOA_DON (MA_HD, MA_MH, SO_LUONG) VALUES
('HD001', 'MH001', 2),
('HD001', 'MH005', 1),
('HD002', 'MH002', 1),
('HD002', 'MH008', 3),
('HD003', 'MH003', 3),
('HD003', 'MH010', 2),
('HD004', 'MH004', 1),
('HD004', 'MH012', 1),
('HD005', 'MH006', 2),
('HD005', 'MH015', 4),
('HD006', 'MH007', 1),
('HD006', 'MH018', 2),
('HD007', 'MH009', 5),
('HD007', 'MH020', 1),
('HD008', 'MH011', 2),
('HD008', 'MH022', 1),
('HD009', 'MH013', 1),
('HD009', 'MH025', 3),
('HD010', 'MH014', 1),
('HD010', 'MH028', 2),
('HD011', 'MH016', 10),
('HD011', 'MH029', 5),
('HD012', 'MH017', 20),
('HD013', 'MH030', 1),
('HD013', 'MH019', 30),
('HD014', 'MH021', 2),
('HD015', 'MH023', 1),
('HD016', 'MH024', 3),
('HD017', 'MH026', 5),
('HD018', 'MH027', 10),
('HD019', 'MH001', 1),
('HD020', 'MH002', 2),
('HD021', 'MH003', 1),
('HD022', 'MH004', 3),
('HD023', 'MH005', 2),
('HD024', 'MH006', 1),
('HD025', 'MH007', 4),
('HD026', 'MH008', 2),
('HD027', 'MH009', 1),
('HD028', 'MH010', 3),
('HD029', 'MH011', 1),
('HD030', 'MH012', 2),
('HD029', 'MH031', 4),
('HD031', 'MH005', 2),
('HD031', 'MH010', 3),
('HD032', 'MH015', 1),
('HD032', 'MH020', 2),
('HD033', 'MH025', 4),
('HD033', 'MH002', 1),
('HD034', 'MH008', 3),
('HD034', 'MH013', 2),
('HD035', 'MH018', 1),
('HD035', 'MH023', 5),
('HD036', 'MH028', 2),
('HD036', 'MH004', 1),
('HD037', 'MH009', 3),
('HD037', 'MH014', 4),
('HD038', 'MH019', 2),
('HD038', 'MH024', 1),
('HD039', 'MH029', 5),
('HD039', 'MH006', 2),
('HD040', 'MH011', 3),
('HD040', 'MH016', 1),
('HD041', 'MH021', 2),
('HD041', 'MH026', 4),
('HD042', 'MH001', 1),
('HD042', 'MH007', 3),
('HD043', 'MH012', 2),
('HD043', 'MH017', 1),
('HD044', 'MH022', 5),
('HD044', 'MH027', 2),
('HD045', 'MH003', 1),
('HD045', 'MH008', 4),
('HD046', 'MH013', 3),
('HD046', 'MH018', 2),
('HD047', 'MH023', 1),
('HD047', 'MH028', 5),
('HD048', 'MH004', 2),
('HD048', 'MH009', 1),
('HD049', 'MH014', 4),
('HD049', 'MH019', 3),
('HD050', 'MH024', 2),
('HD050', 'MH029', 1),
('HD051', 'MH005', 5),
('HD051', 'MH010', 2),
('HD052', 'MH015', 3),
('HD052', 'MH020', 1),
('HD053', 'MH025', 4),
('HD053', 'MH030', 2),
('HD054', 'MH001', 1),
('HD054', 'MH006', 3),
('HD055', 'MH011', 2),
('HD055', 'MH016', 5),
('HD056', 'MH021', 1),
('HD056', 'MH026', 2),
('HD057', 'MH002', 4),
('HD057', 'MH007', 1),
('HD058', 'MH012', 3),
('HD058', 'MH017', 2),
('HD059', 'MH022', 1),
('HD059', 'MH027', 5),
('HD060', 'MH003', 2),
('HD060', 'MH008', 3),
('HD060', 'MH031', 2);

